<?xml version="1.0" encoding="UTF-8"?>
<metadata xml:lang="es"><Esri><CreaDate>20200705</CreaDate><CreaTime>12231900</CreaTime><ArcGISFormat>1.0</ArcGISFormat><SyncOnce>TRUE</SyncOnce><DataProperties><lineage><Process ToolSource="C:\GitHub\Ricardo-Miranda\GenerateGTFSShapes\DisplayGTFSInArcGIS\DisplayGTFSInArcGIS_2.0.5\Display GTFS in ArcGIS.tbx\DisplayGTFSRouteShapes" Date="20200704" Time="233714">DisplayGTFSRouteShapes C:\GTFS\Barcelona\Trambaix C:\GitHub\Ricardo-Miranda\Shapes_Transport\Linies_Trambaix\Linies_TBX.shp</Process></lineage></DataProperties></Esri></metadata>
